date,source_type,page,section,brand,offer,product_type
2026-09-04,品牌页,Trip.com,,Trip.com,2% Off UK trains for existing users,UK & Europe Train Tickets
2026-09-04,品牌页,Trip.com,,Trip.com,6% Off Hotel bookings,Hotels / Accommodation
2026-09-04,品牌页,Trip.com,,Trip.com,5% off UK trains for new users,UK & Europe Train Tickets
2026-09-04,品牌页,Trip.com,,Trip.com,£4 Off your first UK train ticket In-App,UK & Europe Train Tickets
2026-09-04,品牌页,Trip.com,,Trip.com,£8 Off Railcards for new users,Railcard
2026-09-04,品牌页,Trip.com,,Trip.com,11% Off Hotels in China,Hotels / Accommodation
2026-09-04,品牌页,Trip.com,,Trip.com,10% off Railcard for existing users,Railcard
2026-09-04,品牌页,Trip.com,,Trip.com,5% Off coaches for new users,Bus / Coach
2026-09-04,品牌页,Trip.com,,Trip.com,15% Off Trains For New Customers,UK & Europe Train Tickets
2026-09-04,品牌页,Trip.com,,Trip.com,5% Off Tours and Tickets,Tours & Tickets
2026-09-04,品牌页,Trip.com,,Trip.com,10% Off Car Rental,Car Rental
2026-09-04,品牌页,Trip.com,,Trip.com,10% Off eSIM,eSIM / SIM
2026-09-04,品牌页,Trip.com,,Trip.com,Up to £20 Off Flights,Flights
2026-09-04,品牌页,Trip.com,,Trip.com,6% Off Selected Tours & Tickets,Tours & Tickets
2026-09-04,品牌页,Trip.com,,Trip.com,Up to £50 Off Hotels,Hotels / Accommodation
2026-09-04,品牌页,Trip.com,,Trip.com,5% off China Trains for new users,UK & Europe Train Tickets
2026-09-04,品牌页,Trainline,,Trainline,15% Off 16-17 Saver Railcard,Railcard
2026-09-04,品牌页,Trainline,,Trainline,15% Off 26-30 Railcard,Railcard
2026-09-04,品牌页,Trainline,,Trainline,15% Off 16-25 Railcard,Railcard
2026-09-04,品牌页,TrainPal,,TrainPal,£9 Off Railcards For New Customers,Railcard
2026-09-04,品牌页,TrainPal,,TrainPal,15% Off trains for new customers + 4%,UK & Europe Train Tickets
2026-09-04,品牌页,TrainPal,,TrainPal,Up to 5% off train tickets for the UK and the EU,UK & Europe Train Tickets
2026-09-04,品牌页,TrainPal,,TrainPal,£4 Off UK Train Tickets for New Customers,UK & Europe Train Tickets
2026-09-04,品牌页,FlixBus,,FlixBus,20% Discount on the FlixBus App,Bus / Coach
2026-09-04,品牌页,Omio,,Omio,7% Off Travel for New Customers,Other
2026-09-04,品牌页,Omio,,Omio,5% Off Trains,UK & Europe Train Tickets
2026-09-04,品牌页,Omio,,Omio,5% Student Travel Discount,Other
2026-09-04,品牌页,Omio,,Omio,5% Off Flights,Flights
2026-09-04,品牌页,Omio,,Omio,5% Off Buses,Bus / Coach
2026-09-04,品牌页,National Express,,National Express,Up to 20% Off Coach Bookings,Bus / Coach
2026-09-04,品牌页,Klook,,Klook,20% Off for New Klook Users,Other
2026-09-04,品牌页,Klook,,Klook,Up to 50% Off with Stay+,Hotels / Accommodation
2026-09-04,品牌页,Klook,,Klook,Up to 15% Off Travel Deals,Other
2026-09-04,品牌页,Eurostar,,Eurostar,London to Glasgow Student Tickets From £29.50,Tours & Tickets
2026-09-04,品牌页,Eurostar,,Eurostar,20% Discount on the FlixBus App,Bus / Coach
2026-09-04,品牌页,Eurostar,,Eurostar,15% Off 16-17 Saver Railcard,Railcard
2026-09-04,品牌页,Eurostar,,Eurostar,Up to £60 Off the Virgin Atlantic Sale!,Flights
2026-09-04,品牌页,Eurostar,,Eurostar,15% Off Travel Passes,Other
2026-09-04,品牌页,Eurostar,,Eurostar,£9 Off Railcards For New Customers,Railcard
2026-09-04,品牌页,Eurostar,,Eurostar,Fly to Formula 1® & save up to 12%*,Other
